Product_Code,Warehouse,Product_Category,Date,Order_Demand
Product_1938,Whse_J,Category_001,2012/1/5,5
Product_1938,Whse_J,Category_001,2012/1/5,10
Product_1938,Whse_J,Category_001,2012/1/5,1
Product_1938,Whse_J,Category_001,2012/1/5,3
Product_1938,Whse_J,Category_001,2012/1/11,4
Product_1938,Whse_J,Category_001,2012/1/13,7
Product_1938,Whse_J,Category_001,2012/1/17,10
Product_1938,Whse_J,Category_001,2012/1/24,5
Product_1938,Whse_J,Category_001,2012/1/24,3
Product_1938,Whse_J,Category_001,2012/1/26,3
Product_1938,Whse_J,Category_001,2012/1/26,3
Product_1938,Whse_J,Category_001,2012/2/1,2
Product_1938,Whse_J,Category_001,2012/2/1,3
Product_1938,Whse_J,Category_001,2012/2/2,3
Product_1938,Whse_J,Category_001,2012/2/2,3
Product_1938,Whse_J,Category_001,2012/2/6,2
Product_1938,Whse_J,Category_001,2012/2/9,2
Product_1938,Whse_J,Category_001,2012/2/13,1
Product_1938,Whse_J,Category_001,2012/2/15,10
Product_1938,Whse_J,Category_001,2012/2/17,1
Product_1938,Whse_J,Category_001,2012/2/17,1
Product_1938,Whse_J,Category_001,2012/2/21,1
Product_1938,Whse_J,Category_001,2012/2/27,1
Product_1938,Whse_J,Category_001,2012/2/27,1
Product_1938,Whse_J,Category_001,2012/3/5,10
Product_1938,Whse_J,Category_001,2012/3/7,1
Product_1938,Whse_J,Category_001,2012/3/12,5
Product_1938,Whse_J,Category_001,2012/3/14,2
Product_1938,Whse_J,Category_001,2012/3/15,3
Product_1938,Whse_J,Category_001,2012/3/28,3
Product_1938,Whse_J,Category_001,2012/4/2,1
Product_1938,Whse_J,Category_001,2012/4/4,1
Product_1938,Whse_J,Category_001,2012/4/5,1
Product_1938,Whse_J,Category_001,2012/4/9,2
Product_1938,Whse_J,Category_001,2012/4/12,1
Product_1938,Whse_J,Category_001,2012/4/13,10
Product_1938,Whse_J,Category_001,2012/4/13,1
Product_1938,Whse_J,Category_001,2012/4/16,6
Product_1938,Whse_J,Category_001,2012/4/16,3
Product_1938,Whse_J,Category_001,2012/4/16,5
Product_1938,Whse_J,Category_001,2012/4/23,4
Product_1938,Whse_J,Category_001,2012/4/23,1
Product_1938,Whse_J,Category_001,2012/4/25,10
Product_1938,Whse_J,Category_001,2012/4/26,10
Product_1938,Whse_J,Category_001,2012/5/8,10
Product_1938,Whse_J,Category_001,2012/5/9,3
Product_1938,Whse_J,Category_001,2012/5/9,1
Product_1938,Whse_J,Category_001,2012/5/9,1
Product_1938,Whse_J,Category_001,2012/5/10,2
Product_1938,Whse_J,Category_001,2012/5/10,1
Product_1938,Whse_J,Category_001,2012/5/16,10
Product_1938,Whse_J,Category_001,2012/5/18,1
Product_1938,Whse_J,Category_001,2012/5/21,1
Product_1938,Whse_J,Category_001,2012/5/28,3
Product_1938,Whse_J,Category_001,2012/6/1,5
Product_1938,Whse_J,Category_001,2012/6/6,4
Product_1938,Whse_J,Category_001,2012/6/6,1
Product_1938,Whse_J,Category_001,2012/6/11,2
Product_1938,Whse_J,Category_001,2012/6/13,3
Product_1938,Whse_J,Category_001,2012/6/14,10
Product_1938,Whse_J,Category_001,2012/6/14,3
Product_1938,Whse_J,Category_001,2012/6/15,11
Product_1938,Whse_J,Category_001,2012/6/18,10
Product_1938,Whse_J,Category_001,2012/6/29,7
Product_1938,Whse_J,Category_001,2012/6/29,7
Product_1938,Whse_J,Category_001,2012/7/2,2
Product_1938,Whse_J,Category_001,2012/7/2,1
Product_1938,Whse_J,Category_001,2012/7/4,1
Product_1938,Whse_J,Category_001,2012/7/4,2
Product_1938,Whse_J,Category_001,2012/7/10,1
Product_1938,Whse_J,Category_001,2012/7/13,4
Product_1938,Whse_J,Category_001,2012/7/17,1
Product_1938,Whse_J,Category_001,2012/7/17,1
Product_1938,Whse_J,Category_001,2012/7/23,2
Product_1938,Whse_J,Category_001,2012/7/24,3
Product_1938,Whse_J,Category_001,2012/7/26,1
Product_1938,Whse_J,Category_001,2012/7/30,1
Product_1938,Whse_J,Category_001,2012/7/31,1
Product_1938,Whse_J,Category_001,2012/8/7,2
Product_1938,Whse_J,Category_001,2012/8/16,2
Product_1938,Whse_J,Category_001,2012/8/17,10
Product_1938,Whse_J,Category_001,2012/8/21,1
Product_1938,Whse_J,Category_001,2012/8/24,10
Product_1938,Whse_J,Category_001,2012/8/27,5
Product_1938,Whse_J,Category_001,2012/8/31,1
Product_1938,Whse_J,Category_001,2012/8/31,1
Product_1938,Whse_J,Category_001,2012/8/31,1
Product_1938,Whse_J,Category_001,2012/9/4,1
Product_1938,Whse_J,Category_001,2012/9/4,1
Product_1938,Whse_J,Category_001,2012/9/10,6
Product_1938,Whse_J,Category_001,2012/9/10,5
Product_1938,Whse_J,Category_001,2012/9/11,1
Product_1938,Whse_J,Category_001,2012/9/12,2
Product_1938,Whse_J,Category_001,2012/9/21,5
Product_1938,Whse_J,Category_001,2012/9/24,2
Product_1938,Whse_J,Category_001,2012/9/26,10
Product_1938,Whse_J,Category_001,2012/9/27,6
Product_1938,Whse_J,Category_001,2012/10/10,1
Product_1938,Whse_J,Category_001,2012/10/11,1
Product_1938,Whse_J,Category_001,2012/10/11,10
Product_1938,Whse_J,Category_001,2012/10/11,2
Product_1938,Whse_J,Category_001,2012/10/12,2
Product_1938,Whse_J,Category_001,2012/10/15,5
Product_1938,Whse_J,Category_001,2012/10/15,1
Product_1938,Whse_J,Category_001,2012/10/18,2
Product_1938,Whse_J,Category_001,2012/10/24,1
Product_1938,Whse_J,Category_001,2012/10/26,1
Product_1938,Whse_J,Category_001,2012/10/26,1
Product_1938,Whse_J,Category_001,2012/10/30,3
Product_1938,Whse_J,Category_001,2012/11/2,3
Product_1938,Whse_J,Category_001,2012/11/2,1
Product_1938,Whse_J,Category_001,2012/11/2,10
Product_1938,Whse_J,Category_001,2012/11/6,2
Product_1938,Whse_J,Category_001,2012/11/6,3
Product_1938,Whse_J,Category_001,2012/11/7,10
Product_1938,Whse_J,Category_001,2012/11/7,1
Product_1938,Whse_J,Category_001,2012/11/9,2
Product_1938,Whse_J,Category_001,2012/11/9,1
Product_1938,Whse_J,Category_001,2012/11/14,1
Product_1938,Whse_J,Category_001,2012/11/16,10
Product_1938,Whse_J,Category_001,2012/11/16,1
Product_1938,Whse_J,Category_001,2012/11/22,1
Product_1938,Whse_J,Category_001,2012/11/22,1
Product_1938,Whse_J,Category_001,2012/11/26,5
Product_1938,Whse_J,Category_001,2012/11/26,1
Product_1938,Whse_J,Category_001,2012/11/27,1
Product_1938,Whse_J,Category_001,2012/11/27,1
Product_1938,Whse_J,Category_001,2012/11/28,10
Product_1938,Whse_J,Category_001,2012/11/28,1
Product_1938,Whse_J,Category_001,2012/12/3,1
Product_1938,Whse_J,Category_001,2012/12/4,1
Product_1938,Whse_J,Category_001,2012/12/6,2
Product_1938,Whse_J,Category_001,2012/12/11,2
Product_1938,Whse_J,Category_001,2012/12/12,3
Product_1938,Whse_J,Category_001,2012/12/13,4
Product_1938,Whse_J,Category_001,2012/12/18,10
Product_1938,Whse_J,Category_001,2012/12/18,1
Product_1938,Whse_J,Category_001,2012/12/18,1
Product_1938,Whse_J,Category_001,2012/12/19,5
Product_1938,Whse_J,Category_001,2012/12/20,10
Product_1938,Whse_J,Category_001,2012/12/21,2
Product_1938,Whse_J,Category_001,2012/12/25,1
Product_1938,Whse_J,Category_001,2012/12/26,2
Product_1938,Whse_J,Category_001,2012/12/26,2
Product_1938,Whse_J,Category_001,2012/12/27,3
Product_1938,Whse_J,Category_001,2012/12/27,1
Product_1938,Whse_J,Category_001,2013/1/8,10
Product_1938,Whse_J,Category_001,2013/1/9,1
Product_1938,Whse_J,Category_001,2013/1/10,3
Product_1938,Whse_J,Category_001,2013/1/11,10
Product_1938,Whse_J,Category_001,2013/1/15,1
Product_1938,Whse_J,Category_001,2013/1/15,3
Product_1938,Whse_J,Category_001,2013/1/15,1
Product_1938,Whse_J,Category_001,2013/1/15,3
Product_1938,Whse_J,Category_001,2013/1/15,5
Product_1938,Whse_J,Category_001,2013/1/16,2
Product_1938,Whse_J,Category_001,2013/1/21,2
Product_1938,Whse_J,Category_001,2013/1/21,1
Product_1938,Whse_J,Category_001,2013/1/23,1
Product_1938,Whse_J,Category_001,2013/1/25,1
Product_1938,Whse_J,Category_001,2013/1/25,1
Product_1938,Whse_J,Category_001,2013/1/29,2
Product_1938,Whse_J,Category_001,2013/1/30,3
Product_1938,Whse_J,Category_001,2013/2/1,3
Product_1938,Whse_J,Category_001,2013/2/4,2
Product_1938,Whse_J,Category_001,2013/2/4,10
Product_1938,Whse_J,Category_001,2013/2/5,5
Product_1938,Whse_J,Category_001,2013/2/6,1
Product_1938,Whse_J,Category_001,2013/2/7,2
Product_1938,Whse_J,Category_001,2013/2/8,1
Product_1938,Whse_J,Category_001,2013/2/8,1
Product_1938,Whse_J,Category_001,2013/2/8,4
Product_1938,Whse_J,Category_001,2013/2/14,5
Product_1938,Whse_J,Category_001,2013/2/19,4
Product_1938,Whse_J,Category_001,2013/2/20,2
Product_1938,Whse_J,Category_001,2013/2/28,6
Product_1938,Whse_J,Category_001,2013/2/28,5
Product_1938,Whse_J,Category_001,2013/2/28,3
Product_1938,Whse_J,Category_001,2013/3/1,2
Product_1938,Whse_J,Category_001,2013/3/4,10
Product_1938,Whse_J,Category_001,2013/3/5,2
Product_1938,Whse_J,Category_001,2013/3/6,1
Product_1938,Whse_J,Category_001,2013/3/7,1
Product_1938,Whse_J,Category_001,2013/3/7,1
Product_1938,Whse_J,Category_001,2013/3/8,10
Product_1938,Whse_J,Category_001,2013/3/13,1
Product_1938,Whse_J,Category_001,2013/3/18,2
Product_1938,Whse_J,Category_001,2013/3/19,2
Product_1938,Whse_J,Category_001,2013/3/21,1
Product_1938,Whse_J,Category_001,2013/3/22,1
Product_1938,Whse_J,Category_001,2013/3/25,1
Product_1938,Whse_J,Category_001,2013/4/2,2
Product_1938,Whse_J,Category_001,2013/4/2,4
Product_1938,Whse_J,Category_001,2013/4/3,2
Product_1938,Whse_J,Category_001,2013/4/4,3
Product_1938,Whse_J,Category_001,2013/4/5,3
Product_1938,Whse_J,Category_001,2013/4/5,1
Product_1938,Whse_J,Category_001,2013/4/11,7
Product_1938,Whse_J,Category_001,2013/4/12,10
Product_1938,Whse_J,Category_001,2013/4/15,10
Product_1938,Whse_J,Category_001,2013/4/17,1
Product_1938,Whse_J,Category_001,2013/4/18,3
Product_1938,Whse_J,Category_001,2013/4/23,10
Product_1938,Whse_J,Category_001,2013/4/23,10
Product_1938,Whse_J,Category_001,2013/4/25,2
Product_1938,Whse_J,Category_001,2013/4/25,2
Product_1938,Whse_J,Category_001,2013/5/1,1
Product_1938,Whse_J,Category_001,2013/5/1,3
Product_1938,Whse_J,Category_001,2013/5/2,3
Product_1938,Whse_J,Category_001,2013/5/2,2
Product_1938,Whse_J,Category_001,2013/5/2,1
Product_1938,Whse_J,Category_001,2013/5/7,1
Product_1938,Whse_J,Category_001,2013/5/8,2
Product_1938,Whse_J,Category_001,2013/5/8,3
Product_1938,Whse_J,Category_001,2013/5/13,4
Product_1938,Whse_J,Category_001,2013/5/14,2
Product_1938,Whse_J,Category_001,2013/5/15,2
Product_1938,Whse_J,Category_001,2013/5/17,3
Product_1938,Whse_J,Category_001,2013/5/20,10
Product_1938,Whse_J,Category_001,2013/5/20,2
Product_1938,Whse_J,Category_001,2013/5/24,5
Product_1938,Whse_J,Category_001,2013/5/27,3
Product_1938,Whse_J,Category_001,2013/5/31,3
Product_1938,Whse_J,Category_001,2013/6/6,4
Product_1938,Whse_J,Category_001,2013/6/7,10
Product_1938,Whse_J,Category_001,2013/6/7,10
Product_1938,Whse_J,Category_001,2013/6/7,2
Product_1938,Whse_J,Category_001,2013/6/10,1
Product_1938,Whse_J,Category_001,2013/6/12,1
Product_1938,Whse_J,Category_001,2013/6/12,1
Product_1938,Whse_J,Category_001,2013/6/14,3
Product_1938,Whse_J,Category_001,2013/6/20,4
Product_1938,Whse_J,Category_001,2013/6/21,2
Product_1938,Whse_J,Category_001,2013/6/24,5
Product_1938,Whse_J,Category_001,2013/6/28,1
Product_1938,Whse_J,Category_001,2013/7/1,1
Product_1938,Whse_J,Category_001,2013/7/1,1
Product_1938,Whse_J,Category_001,2013/7/2,4
Product_1938,Whse_J,Category_001,2013/7/3,1
Product_1938,Whse_J,Category_001,2013/7/4,2
Product_1938,Whse_J,Category_001,2013/7/4,1
Product_1938,Whse_J,Category_001,2013/7/5,10
Product_1938,Whse_J,Category_001,2013/7/5,1
Product_1938,Whse_J,Category_001,2013/7/9,3
Product_1938,Whse_J,Category_001,2013/7/9,1
Product_1938,Whse_J,Category_001,2013/7/10,1
Product_1938,Whse_J,Category_001,2013/7/10,4
Product_1938,Whse_J,Category_001,2013/7/12,1
Product_1938,Whse_J,Category_001,2013/7/12,2
Product_1938,Whse_J,Category_001,2013/7/16,15
Product_1938,Whse_J,Category_001,2013/7/16,10
Product_1938,Whse_J,Category_001,2013/7/17,1
Product_1938,Whse_J,Category_001,2013/7/18,1
Product_1938,Whse_J,Category_001,2013/7/22,2
Product_1938,Whse_J,Category_001,2013/7/24,5
Product_1938,Whse_J,Category_001,2013/7/25,1
Product_1938,Whse_J,Category_001,2013/7/30,10
Product_1938,Whse_J,Category_001,2013/8/2,5
Product_1938,Whse_J,Category_001,2013/8/2,4
Product_1938,Whse_J,Category_001,2013/8/8,5
Product_1938,Whse_J,Category_001,2013/8/8,3
Product_1938,Whse_J,Category_001,2013/8/8,10
Product_1938,Whse_J,Category_001,2013/8/12,2
Product_1938,Whse_J,Category_001,2013/8/12,3
Product_1938,Whse_J,Category_001,2013/8/16,6
Product_1938,Whse_J,Category_001,2013/8/16,2
Product_1938,Whse_J,Category_001,2013/8/19,1
Product_1938,Whse_J,Category_001,2013/8/19,1
Product_1938,Whse_J,Category_001,2013/8/19,2
Product_1938,Whse_J,Category_001,2013/8/22,2
Product_1938,Whse_J,Category_001,2013/8/22,2
Product_1938,Whse_J,Category_001,2013/8/22,3
Product_1938,Whse_J,Category_001,2013/8/28,2
Product_1938,Whse_J,Category_001,2013/8/29,10
Product_1938,Whse_J,Category_001,2013/8/30,3
Product_1938,Whse_J,Category_001,2013/9/2,11
Product_1938,Whse_J,Category_001,2013/9/2,20
Product_1938,Whse_J,Category_001,2013/9/3,1
Product_1938,Whse_J,Category_001,2013/9/4,1
Product_1938,Whse_J,Category_001,2013/9/4,1
Product_1938,Whse_J,Category_001,2013/9/5,5
Product_1938,Whse_J,Category_001,2013/9/5,1
Product_1938,Whse_J,Category_001,2013/9/9,7
Product_1938,Whse_J,Category_001,2013/9/9,7
Product_1938,Whse_J,Category_001,2013/9/9,2
Product_1938,Whse_J,Category_001,2013/9/9,1
Product_1938,Whse_J,Category_001,2013/9/10,4
Product_1938,Whse_J,Category_001,2013/9/12,2
Product_1938,Whse_J,Category_001,2013/9/13,2
Product_1938,Whse_J,Category_001,2013/9/13,2
Product_1938,Whse_J,Category_001,2013/9/13,1
Product_1938,Whse_J,Category_001,2013/9/19,1
Product_1938,Whse_J,Category_001,2013/9/20,1
Product_1938,Whse_J,Category_001,2013/9/24,3
Product_1938,Whse_J,Category_001,2013/9/24,5
Product_1938,Whse_J,Category_001,2013/9/24,5
Product_1938,Whse_J,Category_001,2013/9/26,2
Product_1938,Whse_J,Category_001,2013/9/26,7
Product_1938,Whse_J,Category_001,2013/9/27,5
Product_1938,Whse_J,Category_001,2013/9/27,5
Product_1938,Whse_J,Category_001,2013/9/30,3
Product_1938,Whse_J,Category_001,2013/10/1,10
Product_1938,Whse_J,Category_001,2013/10/2,2
Product_1938,Whse_J,Category_001,2013/10/4,5
Product_1938,Whse_J,Category_001,2013/10/7,1
Product_1938,Whse_J,Category_001,2013/10/8,2
Product_1938,Whse_J,Category_001,2013/10/9,3
Product_1938,Whse_J,Category_001,2013/10/11,2
Product_1938,Whse_J,Category_001,2013/10/11,1
Product_1938,Whse_J,Category_001,2013/10/15,5
Product_1938,Whse_J,Category_001,2013/10/16,2
Product_1938,Whse_J,Category_001,2013/10/17,4
Product_1938,Whse_J,Category_001,2013/10/17,6
Product_1938,Whse_J,Category_001,2013/10/18,1
Product_1938,Whse_J,Category_001,2013/10/22,2
Product_1938,Whse_J,Category_001,2013/10/24,2
Product_1938,Whse_J,Category_001,2013/10/24,2
Product_1938,Whse_J,Category_001,2013/10/24,10
Product_1938,Whse_J,Category_001,2013/10/25,8
Product_1938,Whse_J,Category_001,2013/10/25,2
Product_1938,Whse_J,Category_001,2013/10/25,10
Product_1938,Whse_J,Category_001,2013/10/29,5
Product_1938,Whse_J,Category_001,2013/10/30,1
Product_1938,Whse_J,Category_001,2013/10/31,10
Product_1938,Whse_J,Category_001,2013/11/5,2
Product_1938,Whse_J,Category_001,2013/11/6,3
Product_1938,Whse_J,Category_001,2013/11/6,1
Product_1938,Whse_J,Category_001,2013/11/12,5
Product_1938,Whse_J,Category_001,2013/11/12,1
Product_1938,Whse_J,Category_001,2013/11/13,2
Product_1938,Whse_J,Category_001,2013/11/19,5
Product_1938,Whse_J,Category_001,2013/11/21,1
Product_1938,Whse_J,Category_001,2013/11/22,10
Product_1938,Whse_J,Category_001,2013/11/25,2
Product_1938,Whse_J,Category_001,2013/11/27,5
Product_1938,Whse_J,Category_001,2013/12/2,3
Product_1938,Whse_J,Category_001,2013/12/2,1
Product_1938,Whse_J,Category_001,2013/12/3,15
Product_1938,Whse_J,Category_001,2013/12/4,5
Product_1938,Whse_J,Category_001,2013/12/6,2
Product_1938,Whse_J,Category_001,2013/12/9,1
Product_1938,Whse_J,Category_001,2013/12/12,3
Product_1938,Whse_J,Category_001,2013/12/12,2
Product_1938,Whse_J,Category_001,2013/12/17,3
Product_1938,Whse_J,Category_001,2013/12/17,1
Product_1938,Whse_J,Category_001,2013/12/20,2
Product_1938,Whse_J,Category_001,2013/12/24,1
Product_1938,Whse_J,Category_001,2013/12/25,2
Product_1938,Whse_J,Category_001,2014/1/6,2
Product_1938,Whse_J,Category_001,2014/1/7,10
Product_1938,Whse_J,Category_001,2014/1/9,2
Product_1938,Whse_J,Category_001,2014/1/9,10
Product_1938,Whse_J,Category_001,2014/1/10,1
Product_1938,Whse_J,Category_001,2014/1/14,2
Product_1938,Whse_J,Category_001,2014/1/14,4
Product_1938,Whse_J,Category_001,2014/1/16,1
Product_1938,Whse_J,Category_001,2014/1/16,3
Product_1938,Whse_J,Category_001,2014/1/17,1
Product_1938,Whse_J,Category_001,2014/1/21,10
Product_1938,Whse_J,Category_001,2014/1/22,1
Product_1938,Whse_J,Category_001,2014/1/24,1
Product_1938,Whse_J,Category_001,2014/1/29,1
Product_1938,Whse_J,Category_001,2014/2/3,1
Product_1938,Whse_J,Category_001,2014/2/4,10
Product_1938,Whse_J,Category_001,2014/2/5,2
Product_1938,Whse_J,Category_001,2014/2/5,3
Product_1938,Whse_J,Category_001,2014/2/6,1
Product_1938,Whse_J,Category_001,2014/2/6,2
Product_1938,Whse_J,Category_001,2014/2/10,10
Product_1938,Whse_J,Category_001,2014/2/14,5
Product_1938,Whse_J,Category_001,2014/2/17,3
Product_1938,Whse_J,Category_001,2014/2/18,1
Product_1938,Whse_J,Category_001,2014/2/18,1
Product_1938,Whse_J,Category_001,2014/2/19,2
Product_1938,Whse_J,Category_001,2014/2/19,1
Product_1938,Whse_J,Category_001,2014/2/24,2
Product_1938,Whse_J,Category_001,2014/2/25,3
Product_1938,Whse_J,Category_001,2014/2/25,2
Product_1938,Whse_J,Category_001,2014/2/26,2
Product_1938,Whse_J,Category_001,2014/2/27,1
Product_1938,Whse_J,Category_001,2014/2/27,1
Product_1938,Whse_J,Category_001,2014/2/28,5
Product_1938,Whse_J,Category_001,2014/3/4,1
Product_1938,Whse_J,Category_001,2014/3/5,1
Product_1938,Whse_J,Category_001,2014/3/7,8
Product_1938,Whse_J,Category_001,2014/3/10,2
Product_1938,Whse_J,Category_001,2014/3/10,10
Product_1938,Whse_J,Category_001,2014/3/11,2
Product_1938,Whse_J,Category_001,2014/3/12,10
Product_1938,Whse_J,Category_001,2014/3/14,5
Product_1938,Whse_J,Category_001,2014/3/14,1
Product_1938,Whse_J,Category_001,2014/3/18,1
Product_1938,Whse_J,Category_001,2014/3/20,10
Product_1938,Whse_J,Category_001,2014/3/25,5
Product_1938,Whse_J,Category_001,2014/3/31,1
Product_1938,Whse_J,Category_001,2014/4/1,1
Product_1938,Whse_J,Category_001,2014/4/1,5
Product_1938,Whse_J,Category_001,2014/4/2,1
Product_1938,Whse_J,Category_001,2014/4/10,1
Product_1938,Whse_J,Category_001,2014/4/11,2
Product_1938,Whse_J,Category_001,2014/4/11,10
Product_1938,Whse_J,Category_001,2014/4/14,1
Product_1938,Whse_J,Category_001,2014/4/14,3
Product_1938,Whse_J,Category_001,2014/4/15,1
Product_1938,Whse_J,Category_001,2014/4/16,4
Product_1938,Whse_J,Category_001,2014/4/17,1
Product_1938,Whse_J,Category_001,2014/4/22,1
Product_1938,Whse_J,Category_001,2014/4/23,16
Product_1938,Whse_J,Category_001,2014/4/24,1
Product_1938,Whse_J,Category_001,2014/4/28,1
Product_1938,Whse_J,Category_001,2014/4/30,3
Product_1938,Whse_J,Category_001,2014/4/30,1
Product_1938,Whse_J,Category_001,2014/5/1,5
Product_1938,Whse_J,Category_001,2014/5/2,1
Product_1938,Whse_J,Category_001,2014/5/7,10
Product_1938,Whse_J,Category_001,2014/5/9,3
Product_1938,Whse_J,Category_001,2014/5/9,10
Product_1938,Whse_J,Category_001,2014/5/12,2
Product_1938,Whse_J,Category_001,2014/5/13,1
Product_1938,Whse_J,Category_001,2014/5/15,2
Product_1938,Whse_J,Category_001,2014/5/20,2
Product_1938,Whse_J,Category_001,2014/5/20,4
Product_1938,Whse_J,Category_001,2014/5/21,2
Product_1938,Whse_J,Category_001,2014/5/22,5
Product_1938,Whse_J,Category_001,2014/5/23,5
Product_1938,Whse_J,Category_001,2014/5/23,1
Product_1938,Whse_J,Category_001,2014/5/26,1
Product_1938,Whse_J,Category_001,2014/5/27,2
Product_1938,Whse_J,Category_001,2014/5/30,1
Product_1938,Whse_J,Category_001,2014/6/2,2
Product_1938,Whse_J,Category_001,2014/6/4,1
Product_1938,Whse_J,Category_001,2014/6/4,2
Product_1938,Whse_J,Category_001,2014/6/12,10
Product_1938,Whse_J,Category_001,2014/6/13,10
Product_1938,Whse_J,Category_001,2014/6/17,15
Product_1938,Whse_J,Category_001,2014/6/18,10
Product_1938,Whse_J,Category_001,2014/6/18,1
Product_1938,Whse_J,Category_001,2014/6/19,10
Product_1938,Whse_J,Category_001,2014/6/20,2
Product_1938,Whse_J,Category_001,2014/6/20,3
Product_1938,Whse_J,Category_001,2014/6/20,10
Product_1938,Whse_J,Category_001,2014/6/20,1
Product_1938,Whse_J,Category_001,2014/6/25,8
Product_1938,Whse_J,Category_001,2014/6/27,1
Product_1938,Whse_J,Category_001,2014/7/1,3
Product_1938,Whse_J,Category_001,2014/7/1,1
Product_1938,Whse_J,Category_001,2014/7/4,3
Product_1938,Whse_J,Category_001,2014/7/14,10
Product_1938,Whse_J,Category_001,2014/7/14,9
Product_1938,Whse_J,Category_001,2014/7/14,11
Product_1938,Whse_J,Category_001,2014/7/15,2
Product_1938,Whse_J,Category_001,2014/7/15,1
Product_1938,Whse_J,Category_001,2014/7/17,4
Product_1938,Whse_J,Category_001,2014/7/22,1
Product_1938,Whse_J,Category_001,2014/7/22,1
Product_1938,Whse_J,Category_001,2014/7/25,5
Product_1938,Whse_J,Category_001,2014/7/29,2
Product_1938,Whse_J,Category_001,2014/7/31,2
Product_1938,Whse_J,Category_001,2014/7/31,7
Product_1938,Whse_J,Category_001,2014/8/4,1
Product_1938,Whse_J,Category_001,2014/8/6,10
Product_1938,Whse_J,Category_001,2014/8/7,1
Product_1938,Whse_J,Category_001,2014/8/8,1
Product_1938,Whse_J,Category_001,2014/8/8,2
Product_1938,Whse_J,Category_001,2014/8/8,1
Product_1938,Whse_J,Category_001,2014/8/12,10
Product_1938,Whse_J,Category_001,2014/8/19,3
Product_1938,Whse_J,Category_001,2014/8/19,1
Product_1938,Whse_J,Category_001,2014/8/19,4
Product_1938,Whse_J,Category_001,2014/8/26,1
Product_1938,Whse_J,Category_001,2014/9/1,1
Product_1938,Whse_J,Category_001,2014/9/3,5
Product_1938,Whse_J,Category_001,2014/9/4,1
Product_1938,Whse_J,Category_001,2014/9/8,10
Product_1938,Whse_J,Category_001,2014/9/8,1
Product_1938,Whse_J,Category_001,2014/9/10,1
Product_1938,Whse_J,Category_001,2014/9/10,1
Product_1938,Whse_J,Category_001,2014/9/11,5
Product_1938,Whse_J,Category_001,2014/9/17,1
Product_1938,Whse_J,Category_001,2014/9/17,2
Product_1938,Whse_J,Category_001,2014/9/22,2
Product_1938,Whse_J,Category_001,2014/9/22,5
Product_1938,Whse_J,Category_001,2014/9/24,30
Product_1938,Whse_J,Category_001,2014/9/25,1
Product_1938,Whse_J,Category_001,2014/9/25,2
Product_1938,Whse_J,Category_001,2014/9/25,2
Product_1938,Whse_J,Category_001,2014/10/1,2
Product_1938,Whse_J,Category_001,2014/10/6,8
Product_1938,Whse_J,Category_001,2014/10/8,1
Product_1938,Whse_J,Category_001,2014/10/8,20
Product_1938,Whse_J,Category_001,2014/10/8,3
Product_1938,Whse_J,Category_001,2014/10/14,8
Product_1938,Whse_J,Category_001,2014/10/14,3
Product_1938,Whse_J,Category_001,2014/10/14,1
Product_1938,Whse_J,Category_001,2014/10/15,3
Product_1938,Whse_J,Category_001,2014/10/16,3
Product_1938,Whse_J,Category_001,2014/10/17,2
Product_1938,Whse_J,Category_001,2014/10/20,2
Product_1938,Whse_J,Category_001,2014/10/20,11
Product_1938,Whse_J,Category_001,2014/10/20,4
Product_1938,Whse_J,Category_001,2014/10/22,4
Product_1938,Whse_J,Category_001,2014/10/23,4
Product_1938,Whse_J,Category_001,2014/10/27,3
Product_1938,Whse_J,Category_001,2014/10/28,6
Product_1938,Whse_J,Category_001,2014/10/28,1
Product_1938,Whse_J,Category_001,2014/10/29,10
Product_1938,Whse_J,Category_001,2014/10/31,1
Product_1938,Whse_J,Category_001,2014/11/4,10
Product_1938,Whse_J,Category_001,2014/11/4,4
Product_1938,Whse_J,Category_001,2014/11/5,1
Product_1938,Whse_J,Category_001,2014/11/7,2
Product_1938,Whse_J,Category_001,2014/11/7,2
Product_1938,Whse_J,Category_001,2014/11/11,4
Product_1938,Whse_J,Category_001,2014/11/14,3
Product_1938,Whse_J,Category_001,2014/11/14,10
Product_1938,Whse_J,Category_001,2014/11/14,5
Product_1938,Whse_J,Category_001,2014/11/18,1
Product_1938,Whse_J,Category_001,2014/11/19,4
Product_1938,Whse_J,Category_001,2014/11/20,2
Product_1938,Whse_J,Category_001,2014/11/20,2
Product_1938,Whse_J,Category_001,2014/11/20,2
Product_1938,Whse_J,Category_001,2014/11/21,1
Product_1938,Whse_J,Category_001,2014/11/25,1
Product_1938,Whse_J,Category_001,2014/11/25,1
Product_1938,Whse_J,Category_001,2014/11/25,1
Product_1938,Whse_J,Category_001,2014/11/25,2
Product_1938,Whse_J,Category_001,2014/11/26,1
Product_1938,Whse_J,Category_001,2014/12/1,2
Product_1938,Whse_J,Category_001,2014/12/3,1
Product_1938,Whse_J,Category_001,2014/12/4,6
Product_1938,Whse_J,Category_001,2014/12/9,10
Product_1938,Whse_J,Category_001,2014/12/11,1
Product_1938,Whse_J,Category_001,2014/12/11,4
Product_1938,Whse_J,Category_001,2014/12/11,2
Product_1938,Whse_J,Category_001,2014/12/11,5
Product_1938,Whse_J,Category_001,2014/12/11,3
Product_1938,Whse_J,Category_001,2014/12/15,4
Product_1938,Whse_J,Category_001,2014/12/17,1
Product_1938,Whse_J,Category_001,2014/12/17,5
Product_1938,Whse_J,Category_001,2014/12/17,4
Product_1938,Whse_J,Category_001,2014/12/18,2
Product_1938,Whse_J,Category_001,2014/12/19,9
Product_1938,Whse_J,Category_001,2014/12/22,2
Product_1938,Whse_J,Category_001,2014/12/22,2
Product_1938,Whse_J,Category_001,2014/12/22,2
Product_1938,Whse_J,Category_001,2014/12/24,2
Product_1938,Whse_J,Category_001,2014/12/24,1
Product_1938,Whse_J,Category_001,2014/12/25,4
Product_1938,Whse_J,Category_001,2015/1/5,2
Product_1938,Whse_J,Category_001,2015/1/5,5
Product_1938,Whse_J,Category_001,2015/1/6,2
Product_1938,Whse_J,Category_001,2015/1/7,16
Product_1938,Whse_J,Category_001,2015/1/7,2
Product_1938,Whse_J,Category_001,2015/1/8,1
Product_1938,Whse_J,Category_001,2015/1/8,10
Product_1938,Whse_J,Category_001,2015/1/16,2
Product_1938,Whse_J,Category_001,2015/1/19,6
Product_1938,Whse_J,Category_001,2015/1/20,2
Product_1938,Whse_J,Category_001,2015/1/20,10
Product_1938,Whse_J,Category_001,2015/1/21,1
Product_1938,Whse_J,Category_001,2015/1/22,1
Product_1938,Whse_J,Category_001,2015/1/23,1
Product_1938,Whse_J,Category_001,2015/1/23,1
Product_1938,Whse_J,Category_001,2015/1/26,1
Product_1938,Whse_J,Category_001,2015/1/27,1
Product_1938,Whse_J,Category_001,2015/1/29,2
Product_1938,Whse_J,Category_001,2015/1/30,1
Product_1938,Whse_J,Category_001,2015/1/30,1
Product_1938,Whse_J,Category_001,2015/1/30,2
Product_1938,Whse_J,Category_001,2015/1/30,10
Product_1938,Whse_J,Category_001,2015/2/2,1
Product_1938,Whse_J,Category_001,2015/2/2,5
Product_1938,Whse_J,Category_001,2015/2/4,4
Product_1938,Whse_J,Category_001,2015/2/4,10
Product_1938,Whse_J,Category_001,2015/2/5,1
Product_1938,Whse_J,Category_001,2015/2/9,10
Product_1938,Whse_J,Category_001,2015/2/10,4
Product_1938,Whse_J,Category_001,2015/2/10,12
Product_1938,Whse_J,Category_001,2015/2/12,20
Product_1938,Whse_J,Category_001,2015/2/12,2
Product_1938,Whse_J,Category_001,2015/2/17,1
Product_1938,Whse_J,Category_001,2015/2/17,10
Product_1938,Whse_J,Category_001,2015/2/19,2
Product_1938,Whse_J,Category_001,2015/2/20,2
Product_1938,Whse_J,Category_001,2015/2/24,2
Product_1938,Whse_J,Category_001,2015/2/24,2
Product_1938,Whse_J,Category_001,2015/2/25,10
Product_1938,Whse_J,Category_001,2015/2/26,2
Product_1938,Whse_J,Category_001,2015/3/3,2
Product_1938,Whse_J,Category_001,2015/3/3,1
Product_1938,Whse_J,Category_001,2015/3/5,5
Product_1938,Whse_J,Category_001,2015/3/10,4
Product_1938,Whse_J,Category_001,2015/3/10,2
Product_1938,Whse_J,Category_001,2015/3/10,1
Product_1938,Whse_J,Category_001,2015/3/11,2
Product_1938,Whse_J,Category_001,2015/3/11,2
Product_1938,Whse_J,Category_001,2015/3/12,1
Product_1938,Whse_J,Category_001,2015/3/16,5
Product_1938,Whse_J,Category_001,2015/3/16,1
Product_1938,Whse_J,Category_001,2015/3/17,5
Product_1938,Whse_J,Category_001,2015/3/17,2
Product_1938,Whse_J,Category_001,2015/3/18,6
Product_1938,Whse_J,Category_001,2015/3/18,10
Product_1938,Whse_J,Category_001,2015/3/18,15
Product_1938,Whse_J,Category_001,2015/3/19,10
Product_1938,Whse_J,Category_001,2015/3/23,1
Product_1938,Whse_J,Category_001,2015/3/24,10
Product_1938,Whse_J,Category_001,2015/3/24,2
Product_1938,Whse_J,Category_001,2015/3/27,3
Product_1938,Whse_J,Category_001,2015/3/27,2
Product_1938,Whse_J,Category_001,2015/3/31,20
Product_1938,Whse_J,Category_001,2015/3/31,1
Product_1938,Whse_J,Category_001,2015/4/1,5
Product_1938,Whse_J,Category_001,2015/4/2,2
Product_1938,Whse_J,Category_001,2015/4/3,6
Product_1938,Whse_J,Category_001,2015/4/14,1
Product_1938,Whse_J,Category_001,2015/4/17,1
Product_1938,Whse_J,Category_001,2015/4/20,20
Product_1938,Whse_J,Category_001,2015/4/20,1
Product_1938,Whse_J,Category_001,2015/4/27,1
Product_1938,Whse_J,Category_001,2015/4/27,1
Product_1938,Whse_J,Category_001,2015/5/1,1
Product_1938,Whse_J,Category_001,2015/5/7,10
Product_1938,Whse_J,Category_001,2015/5/12,10
Product_1938,Whse_J,Category_001,2015/5/13,3
Product_1938,Whse_J,Category_001,2015/5/14,5
Product_1938,Whse_J,Category_001,2015/5/15,1
Product_1938,Whse_J,Category_001,2015/5/18,8
Product_1938,Whse_J,Category_001,2015/5/21,2
Product_1938,Whse_J,Category_001,2015/5/21,8
Product_1938,Whse_J,Category_001,2015/5/22,1
Product_1938,Whse_J,Category_001,2015/5/22,2
Product_1938,Whse_J,Category_001,2015/5/25,3
Product_1938,Whse_J,Category_001,2015/5/27,1
Product_1938,Whse_J,Category_001,2015/5/29,1
Product_1938,Whse_J,Category_001,2015/6/2,8
Product_1938,Whse_J,Category_001,2015/6/2,12
Product_1938,Whse_J,Category_001,2015/6/2,6
Product_1938,Whse_J,Category_001,2015/6/2,4
Product_1938,Whse_J,Category_001,2015/6/3,9
Product_1938,Whse_J,Category_001,2015/6/4,5
Product_1938,Whse_J,Category_001,2015/6/5,1
Product_1938,Whse_J,Category_001,2015/6/9,10
Product_1938,Whse_J,Category_001,2015/6/10,1
Product_1938,Whse_J,Category_001,2015/6/10,2
Product_1938,Whse_J,Category_001,2015/6/11,2
Product_1938,Whse_J,Category_001,2015/6/11,3
Product_1938,Whse_J,Category_001,2015/6/17,2
Product_1938,Whse_J,Category_001,2015/6/24,3
Product_1938,Whse_J,Category_001,2015/6/24,15
Product_1938,Whse_J,Category_001,2015/6/26,5
Product_1938,Whse_J,Category_001,2015/7/2,4
Product_1938,Whse_J,Category_001,2015/7/2,20
Product_1938,Whse_J,Category_001,2015/7/3,8
Product_1938,Whse_J,Category_001,2015/7/6,2
Product_1938,Whse_J,Category_001,2015/7/6,5
Product_1938,Whse_J,Category_001,2015/7/7,3
Product_1938,Whse_J,Category_001,2015/7/7,1
Product_1938,Whse_J,Category_001,2015/7/7,2
Product_1938,Whse_J,Category_001,2015/7/9,8
Product_1938,Whse_J,Category_001,2015/7/10,2
Product_1938,Whse_J,Category_001,2015/7/16,15
Product_1938,Whse_J,Category_001,2015/7/21,8
Product_1938,Whse_J,Category_001,2015/7/22,10
Product_1938,Whse_J,Category_001,2015/7/23,2
Product_1938,Whse_J,Category_001,2015/7/23,1
Product_1938,Whse_J,Category_001,2015/7/24,2
Product_1938,Whse_J,Category_001,2015/7/29,8
Product_1938,Whse_J,Category_001,2015/7/31,1
Product_1938,Whse_J,Category_001,2015/7/31,4
Product_1938,Whse_J,Category_001,2015/8/3,10
Product_1938,Whse_J,Category_001,2015/8/3,3
Product_1938,Whse_J,Category_001,2015/8/5,2
Product_1938,Whse_J,Category_001,2015/8/7,8
Product_1938,Whse_J,Category_001,2015/8/7,10
Product_1938,Whse_J,Category_001,2015/8/10,5
Product_1938,Whse_J,Category_001,2015/8/10,1
Product_1938,Whse_J,Category_001,2015/8/11,3
Product_1938,Whse_J,Category_001,2015/8/11,8
Product_1938,Whse_J,Category_001,2015/8/14,4
Product_1938,Whse_J,Category_001,2015/8/14,1
Product_1938,Whse_J,Category_001,2015/8/19,2
Product_1938,Whse_J,Category_001,2015/8/19,10
Product_1938,Whse_J,Category_001,2015/8/21,1
Product_1938,Whse_J,Category_001,2015/8/21,2
Product_1938,Whse_J,Category_001,2015/8/25,1
Product_1938,Whse_J,Category_001,2015/8/25,1
Product_1938,Whse_J,Category_001,2015/9/1,10
Product_1938,Whse_J,Category_001,2015/9/3,15
Product_1938,Whse_J,Category_001,2015/9/3,20
Product_1938,Whse_J,Category_001,2015/9/9,3
Product_1938,Whse_J,Category_001,2015/9/10,1
Product_1938,Whse_J,Category_001,2015/9/10,3
Product_1938,Whse_J,Category_001,2015/9/15,1
Product_1938,Whse_J,Category_001,2015/9/15,3
Product_1938,Whse_J,Category_001,2015/9/16,10
Product_1938,Whse_J,Category_001,2015/9/18,3
Product_1938,Whse_J,Category_001,2015/9/24,2
Product_1938,Whse_J,Category_001,2015/9/24,2
Product_1938,Whse_J,Category_001,2015/9/24,20
Product_1938,Whse_J,Category_001,2015/9/24,3
Product_1938,Whse_J,Category_001,2015/9/25,8
Product_1938,Whse_J,Category_001,2015/9/25,2
Product_1938,Whse_J,Category_001,2015/9/25,10
Product_1938,Whse_J,Category_001,2015/9/25,10
Product_1938,Whse_J,Category_001,2015/9/30,8
Product_1938,Whse_J,Category_001,2015/9/30,10
Product_1938,Whse_J,Category_001,2015/9/30,2
Product_1938,Whse_J,Category_001,2015/10/1,20
Product_1938,Whse_J,Category_001,2015/10/2,2
Product_1938,Whse_J,Category_001,2015/10/5,2
Product_1938,Whse_J,Category_001,2015/10/6,2
Product_1938,Whse_J,Category_001,2015/10/9,1
Product_1938,Whse_J,Category_001,2015/10/13,3
Product_1938,Whse_J,Category_001,2015/10/14,2
Product_1938,Whse_J,Category_001,2015/10/14,2
Product_1938,Whse_J,Category_001,2015/10/16,2
Product_1938,Whse_J,Category_001,2015/10/16,2
Product_1938,Whse_J,Category_001,2015/10/16,5
Product_1938,Whse_J,Category_001,2015/10/21,8
Product_1938,Whse_J,Category_001,2015/10/26,2
Product_1938,Whse_J,Category_001,2015/10/28,1
Product_1938,Whse_J,Category_001,2015/10/28,3
Product_1938,Whse_J,Category_001,2015/10/28,1
Product_1938,Whse_J,Category_001,2015/10/28,1
Product_1938,Whse_J,Category_001,2015/10/29,3
Product_1938,Whse_J,Category_001,2015/10/29,7
Product_1938,Whse_J,Category_001,2015/10/30,2
Product_1938,Whse_J,Category_001,2015/11/2,1
Product_1938,Whse_J,Category_001,2015/11/5,8
Product_1938,Whse_J,Category_001,2015/11/5,1
Product_1938,Whse_J,Category_001,2015/11/6,2
Product_1938,Whse_J,Category_001,2015/11/6,2
Product_1938,Whse_J,Category_001,2015/11/6,10
Product_1938,Whse_J,Category_001,2015/11/6,1
Product_1938,Whse_J,Category_001,2015/11/10,5
Product_1938,Whse_J,Category_001,2015/11/11,3
Product_1938,Whse_J,Category_001,2015/11/13,2
Product_1938,Whse_J,Category_001,2015/11/13,5
Product_1938,Whse_J,Category_001,2015/11/16,10
Product_1938,Whse_J,Category_001,2015/11/24,10
Product_1938,Whse_J,Category_001,2015/11/25,20
Product_1938,Whse_J,Category_001,2015/12/7,10
Product_1938,Whse_J,Category_001,2015/12/7,1
Product_1938,Whse_J,Category_001,2015/12/9,10
Product_1938,Whse_J,Category_001,2015/12/10,3
Product_1938,Whse_J,Category_001,2015/12/10,5
Product_1938,Whse_J,Category_001,2015/12/10,15
Product_1938,Whse_J,Category_001,2015/12/11,10
Product_1938,Whse_J,Category_001,2015/12/15,3
Product_1938,Whse_J,Category_001,2015/12/15,3
Product_1938,Whse_J,Category_001,2015/12/16,6
Product_1938,Whse_J,Category_001,2015/12/17,7
Product_1938,Whse_J,Category_001,2015/12/28,2
Product_1938,Whse_J,Category_001,2016/1/5,3
Product_1938,Whse_J,Category_001,2016/1/5,15
Product_1938,Whse_J,Category_001,2016/1/7,3
Product_1938,Whse_J,Category_001,2016/1/12,3
Product_1938,Whse_J,Category_001,2016/1/13,17
Product_1938,Whse_J,Category_001,2016/1/13,1
Product_1938,Whse_J,Category_001,2016/1/14,8
Product_1938,Whse_J,Category_001,2016/1/14,30
Product_1938,Whse_J,Category_001,2016/1/19,4
Product_1938,Whse_J,Category_001,2016/1/20,4
Product_1938,Whse_J,Category_001,2016/1/20,2
Product_1938,Whse_J,Category_001,2016/1/21,8
Product_1938,Whse_J,Category_001,2016/1/22,1
Product_1938,Whse_J,Category_001,2016/1/25,2
Product_1938,Whse_J,Category_001,2016/1/25,10
Product_1938,Whse_J,Category_001,2016/1/26,4
Product_1938,Whse_J,Category_001,2016/1/27,3
Product_1938,Whse_J,Category_001,2016/1/28,1
Product_1938,Whse_J,Category_001,2016/1/29,8
Product_1938,Whse_J,Category_001,2016/2/5,8
Product_1938,Whse_J,Category_001,2016/2/9,3
Product_1938,Whse_J,Category_001,2016/2/9,8
Product_1938,Whse_J,Category_001,2016/2/12,2
Product_1938,Whse_J,Category_001,2016/2/12,10
Product_1938,Whse_J,Category_001,2016/2/15,1
Product_1938,Whse_J,Category_001,2016/2/24,10
Product_1938,Whse_J,Category_001,2016/3/1,1
Product_1938,Whse_J,Category_001,2016/3/2,10
Product_1938,Whse_J,Category_001,2016/3/3,5
Product_1938,Whse_J,Category_001,2016/3/3,2
Product_1938,Whse_J,Category_001,2016/3/3,15
Product_1938,Whse_J,Category_001,2016/3/7,10
Product_1938,Whse_J,Category_001,2016/3/8,1
Product_1938,Whse_J,Category_001,2016/3/9,2
Product_1938,Whse_J,Category_001,2016/3/9,2
Product_1938,Whse_J,Category_001,2016/3/9,10
Product_1938,Whse_J,Category_001,2016/3/10,2
Product_1938,Whse_J,Category_001,2016/3/11,2
Product_1938,Whse_J,Category_001,2016/3/14,3
Product_1938,Whse_J,Category_001,2016/3/15,30
Product_1938,Whse_J,Category_001,2016/3/17,2
Product_1938,Whse_J,Category_001,2016/3/22,1
Product_1938,Whse_J,Category_001,2016/3/23,2
Product_1938,Whse_J,Category_001,2016/3/24,3
Product_1938,Whse_J,Category_001,2016/3/24,1
Product_1938,Whse_J,Category_001,2016/3/25,1
Product_1938,Whse_J,Category_001,2016/3/28,1
Product_1938,Whse_J,Category_001,2016/3/31,5
Product_1938,Whse_J,Category_001,2016/3/31,5
Product_1938,Whse_J,Category_001,2016/4/5,6
Product_1938,Whse_J,Category_001,2016/4/6,10
Product_1938,Whse_J,Category_001,2016/4/6,10
Product_1938,Whse_J,Category_001,2016/4/6,1
Product_1938,Whse_J,Category_001,2016/4/7,6
Product_1938,Whse_J,Category_001,2016/4/7,30
Product_1938,Whse_J,Category_001,2016/4/8,6
Product_1938,Whse_J,Category_001,2016/4/8,30
Product_1938,Whse_J,Category_001,2016/4/11,10
Product_1938,Whse_J,Category_001,2016/4/13,2
Product_1938,Whse_J,Category_001,2016/4/13,2
Product_1938,Whse_J,Category_001,2016/4/14,6
Product_1938,Whse_J,Category_001,2016/4/18,10
Product_1938,Whse_J,Category_001,2016/4/19,6
Product_1938,Whse_J,Category_001,2016/4/20,2
Product_1938,Whse_J,Category_001,2016/4/21,2
Product_1938,Whse_J,Category_001,2016/4/25,3
Product_1938,Whse_J,Category_001,2016/4/25,2
Product_1938,Whse_J,Category_001,2016/4/26,1
Product_1938,Whse_J,Category_001,2016/5/2,5
Product_1938,Whse_J,Category_001,2016/5/10,30
Product_1938,Whse_J,Category_001,2016/5/10,1
Product_1938,Whse_J,Category_001,2016/5/10,1
Product_1938,Whse_J,Category_001,2016/5/12,3
Product_1938,Whse_J,Category_001,2016/5/12,2
Product_1938,Whse_J,Category_001,2016/5/13,2
Product_1938,Whse_J,Category_001,2016/5/18,10
Product_1938,Whse_J,Category_001,2016/5/19,1
Product_1938,Whse_J,Category_001,2016/5/20,10
Product_1938,Whse_J,Category_001,2016/5/23,2
Product_1938,Whse_J,Category_001,2016/5/24,6
Product_1938,Whse_J,Category_001,2016/5/25,1
Product_1938,Whse_J,Category_001,2016/5/26,1
Product_1938,Whse_J,Category_001,2016/6/1,5
Product_1938,Whse_J,Category_001,2016/6/13,1
Product_1938,Whse_J,Category_001,2016/6/16,10
Product_1938,Whse_J,Category_001,2016/6/16,10
Product_1938,Whse_J,Category_001,2016/6/21,1
Product_1938,Whse_J,Category_001,2016/6/23,6
Product_1938,Whse_J,Category_001,2016/6/23,4
Product_1938,Whse_J,Category_001,2016/6/24,2
Product_1938,Whse_J,Category_001,2016/6/24,6
Product_1938,Whse_J,Category_001,2016/6/27,4
Product_1938,Whse_J,Category_001,2016/6/27,15
Product_1938,Whse_J,Category_001,2016/6/27,4
Product_1938,Whse_J,Category_001,2016/6/30,5
Product_1938,Whse_J,Category_001,2016/7/1,5
Product_1938,Whse_J,Category_001,2016/7/4,10
Product_1938,Whse_J,Category_001,2016/7/6,5
Product_1938,Whse_J,Category_001,2016/7/6,10
Product_1938,Whse_J,Category_001,2016/7/6,1
Product_1938,Whse_J,Category_001,2016/7/8,2
Product_1938,Whse_J,Category_001,2016/7/11,2
Product_1938,Whse_J,Category_001,2016/7/12,2
Product_1938,Whse_J,Category_001,2016/7/19,3
Product_1938,Whse_J,Category_001,2016/7/20,5
Product_1938,Whse_J,Category_001,2016/7/20,2
Product_1938,Whse_J,Category_001,2016/7/25,1
Product_1938,Whse_J,Category_001,2016/7/25,3
Product_1938,Whse_J,Category_001,2016/7/26,4
Product_1938,Whse_J,Category_001,2016/7/27,3
Product_1938,Whse_J,Category_001,2016/7/27,3
Product_1938,Whse_J,Category_001,2016/7/28,2
Product_1938,Whse_J,Category_001,2016/7/28,2
Product_1938,Whse_J,Category_001,2016/8/2,4
Product_1938,Whse_J,Category_001,2016/8/4,30
Product_1938,Whse_J,Category_001,2016/8/9,5
Product_1938,Whse_J,Category_001,2016/8/10,5
Product_1938,Whse_J,Category_001,2016/8/17,5
Product_1938,Whse_J,Category_001,2016/8/22,2
Product_1938,Whse_J,Category_001,2016/8/29,5
Product_1938,Whse_J,Category_001,2016/8/30,2
Product_1938,Whse_J,Category_001,2016/8/30,1
Product_1938,Whse_J,Category_001,2016/8/31,2
Product_1938,Whse_J,Category_001,2016/8/31,1
Product_1938,Whse_J,Category_001,2016/8/31,10
Product_1938,Whse_J,Category_001,2016/9/5,3
Product_1938,Whse_J,Category_001,2016/9/9,1
Product_1938,Whse_J,Category_001,2016/9/9,10
Product_1938,Whse_J,Category_001,2016/9/12,10
Product_1938,Whse_J,Category_001,2016/9/13,1
Product_1938,Whse_J,Category_001,2016/9/15,2
Product_1938,Whse_J,Category_001,2016/9/21,1
Product_1938,Whse_J,Category_001,2016/9/23,10
Product_1938,Whse_J,Category_001,2016/9/26,2
Product_1938,Whse_J,Category_001,2016/9/26,10
Product_1938,Whse_J,Category_001,2016/9/27,1
Product_1938,Whse_J,Category_001,2016/9/27,2
Product_1938,Whse_J,Category_001,2016/9/29,20
Product_1938,Whse_J,Category_001,2016/9/29,1
Product_1938,Whse_J,Category_001,2016/10/6,12
Product_1938,Whse_J,Category_001,2016/10/7,2
Product_1938,Whse_J,Category_001,2016/10/17,1
Product_1938,Whse_J,Category_001,2016/10/19,2
Product_1938,Whse_J,Category_001,2016/10/19,10
Product_1938,Whse_J,Category_001,2016/10/21,2
Product_1938,Whse_J,Category_001,2016/10/25,3
Product_1938,Whse_J,Category_001,2016/10/25,3
Product_1938,Whse_J,Category_001,2016/10/31,2
Product_1938,Whse_J,Category_001,2016/10/31,2
Product_1938,Whse_J,Category_001,2016/11/1,30
Product_1938,Whse_J,Category_001,2016/11/4,20
Product_1938,Whse_J,Category_001,2016/11/4,10
Product_1938,Whse_J,Category_001,2016/11/4,10
Product_1938,Whse_J,Category_001,2016/11/7,7
Product_1938,Whse_J,Category_001,2016/11/9,3
Product_1938,Whse_J,Category_001,2016/11/9,6
Product_1938,Whse_J,Category_001,2016/11/25,4
Product_1938,Whse_J,Category_001,2016/11/28,3
Product_1938,Whse_J,Category_001,2016/11/28,10
Product_1938,Whse_J,Category_001,2016/11/28,4
Product_1938,Whse_J,Category_001,2016/11/28,14
Product_1938,Whse_J,Category_001,2016/11/30,1
Product_1938,Whse_J,Category_001,2016/12/2,2
Product_1938,Whse_J,Category_001,2016/12/2,10
Product_1938,Whse_J,Category_001,2016/12/6,3
Product_1938,Whse_J,Category_001,2016/12/8,3
Product_1938,Whse_J,Category_001,2016/12/9,2
Product_1938,Whse_J,Category_001,2016/12/9,3
Product_1938,Whse_J,Category_001,2016/12/13,1
Product_1938,Whse_J,Category_001,2016/12/19,20
Product_1938,Whse_J,Category_001,2016/12/21,3
Product_1938,Whse_J,Category_001,2016/12/22,10
Product_1938,Whse_J,Category_001,2016/12/28,20
Product_1938,Whse_J,Category_001,2016/12/28,40
Product_1938,Whse_J,Category_001,2017/1/6,20